Unnamed: 0,Algorithm,ProofType,TotalCoinsMined,TotalCoinSupply,PC 1,PC 2,PC 3,CoinName,Class
42,Scrypt,PoW/PoS,41.99995383,42.0,-0.32918294461127523,0.9812130466973905,-0.5545617727901526,42 Coin,0
404,Scrypt,PoW/PoS,1055184902.04,532000000.0,-0.31253828975092507,0.9814251950451108,-0.5547700803734936,404Coin,0
1337,X13,PoW/PoS,29279424622.5027,314159265359.0,2.2967040763645934,1.6982208942550547,-0.6436236388305593,EliteCoin,0
BTC,SHA-256,PoW,17927175.0,21000000.0,-0.14954871127222252,-1.303550027475933,0.20647246285637968,Bitcoin,3
ETH,Ethash,PoW,107684222.6865,0.0,-0.14943874950123862,-2.053447444682397,0.3950682186731632,Ethereum,3
LTC,Scrypt,PoW,63039243.3000049,84000000.0,-0.15900876301821848,-1.1653757022440678,0.01815051937829675,Litecoin,3
DASH,X11,PoW/PoS,9031294.37563393,22000000.0,-0.4079237340880674,1.24683837470752,-0.5279958444046066,Dash,0
XMR,CryptoNight-V7,PoW,17201143.1449131,0.0,-0.15956243499837616,-2.114706662918238,0.38268868629557257,Monero,3
ETC,Ethash,PoW,113359703.0,210000000.0,-0.14788268986878336,-2.0535361100875558,0.3950641865723559,Ethereum Classic,3
ZEC,Equihash,PoW,7383056.25,21000000.0,-0.14503015710615308,-1.9823361957509678,0.30860039046692805,ZCash,3
BTS,SHA-512,PoS,2741570000.0,3600570502.0,-0.276597938835417,1.476613789761598,-0.18284362096428847,Bitshares,0
DGB,Multiple,PoW,11406219141.0,21000000000.0,0.15350274595388252,-1.816734625579186,0.43610029990330873,DigiByte,3
BTCD,SHA-256,PoW/PoS,1288862.0,22000000.0,-0.31855479165530515,0.8430213409016134,-0.36624985544011307,BitcoinDark,0
XPY,SHA-256,PoS,11995334.8847328,12500000.0,-0.27019631965812374,0.6277798633818625,-0.046396251866464414,PayCoin,0
PRC,Scrypt,PoW,5768310.0,21000000.0,-0.16015376989576635,-1.1653724214657768,0.018162305114763324,ProsperCoin,3
KOBO,X15,PoW/PoS,25542535.5881841,350000000.0,-0.24494671327694842,1.8881516463674042,-0.6973795163327653,KoboCoin,0
SPR,X11,PoW,11149733.9976203,20000000.0,-0.2391019429806821,-0.8997386532756354,0.04472925146218807,Spreadcoin,3
ARG,Scrypt,PoW,12205795.4449549,64000000.0,-0.1597707644394533,-1.1653883629937796,0.01816047545380942,Argentum,3
AUR,Scrypt,PoW/PoS,18135099.992959,16768584.0,-0.3288428927127267,0.9812133868198181,-0.5545654600788524,Aurora Coin,0
BLU,Scrypt,PoW/PoS,635423900.0,0.0,-0.32142784808550295,0.9814796978858861,-0.5546827106538746,BlueCoin,0
XMY,Multiple,PoW,1688254250.0,2000000000.0,-0.09962050539339552,-1.8125751084457913,0.43821696145319133,MyriadCoin,3
MOON,Scrypt,PoW,88.0,384000000000.0,2.5583336943452766,-1.3318518277951954,0.012765924063898513,MoonCoin,3
ZET,SHA-256,PoW,170204389.754849,169795588.0,-0.14663676055626376,-1.3035506368567915,0.20644138892387792,ZetaCoin,3
SXC,Scrypt,PoW,128940951.183046,250000000.0,-0.1570291845608132,-1.1654200176035685,0.018135643138096097,SexCoin,3
QTL,Scrypt,PoW,7357794.7925,100000000.0,-0.15957505363127564,-1.165406005494268,0.018160892114457983,Quatloo,3
ENRG,Scrypt,PoW/PoS,123062801.128773,0.0,-0.32768101261517435,0.9812646891402995,-0.5545851948677247,EnergyCoin,0
QRK,Quark,PoW,259557164.91477,247000000.0,-0.22793886776779307,-0.45762371291038134,0.01872937532970418,QuarkCoin,3
RIC,Groestl,PoW,49548585.1412917,84000000.0,-0.2155246516050305,-1.2079730628759144,0.2307652730449579,Riecoin,3
DGC,Scrypt,PoW,33442988.3440364,48166000.0,-0.15962367706630506,-1.1653725860046795,0.018156656031554478,Digitalcoin ,3
BTB,Scrypt,PoW/PoS,42579.476901,500000.0,-0.3291788857730791,0.9812128477873878,-0.5545617879139197,BitBar,0
CAT,Scrypt,PoW,7219956.64626131,21000000.0,-0.1601360531226975,-1.1653718122924315,0.018162028828245295,Catcoin,3
CBX,Scrypt,PoW/PoS,1039116.65144562,1000000.0,-0.32916318344860146,0.9812130491984681,-0.5545619846094931,CryptoBullion,0
CCN,Scrypt,PoW,4703879.51824446,13140000.0,-0.1602224093732633,-1.1653694603844076,0.018162618189554017,CannaCoin,3
CRYPT,X11,PoW,4996986.20575291,18000000.0,-0.23919119476345915,-0.8997403681180863,0.04473045060524405,CryptCoin,3
CSC,Scrypt,PoC,39999997299.8568,40000000000.0,0.6474800505143268,0.7259894466163707,-0.4175669711942295,CasinoCoin,0
DMD,Groestl,PoW/PoS,3304487.74735637,4380000.0,-0.3854628456496547,0.9386208350494694,-0.34195027724105403,Diamond,0
XVG,Multiple,PoW,15929530669.1206,16555000000.0,0.17723752958221503,-1.812909286377923,0.4353018768563177,Verge,3
DVC,SHA-256,PoW,18773857500.0,21000000000.0,0.22789058356315436,-1.3047748360804212,0.2026078206769181,DevCoin,3
EAC,Scrypt,PoW,12539015186.822,13500000000.0,0.08824039789530438,-1.165956854129773,0.01558742845356082,EarthCoin,3
EFL,Scrypt,PoW,20910478.8062499,21000000.0,-0.15996896571549157,-1.1653660671607218,0.018159423161979514,E-Gulden,3
EMC2,Scrypt,PoW,218871896.499999,299792458.0,-0.15557908409087956,-1.1654038666073772,0.018117826997271328,Einsteinium,3
EMD,Scrypt,PoW,19496786.31025,32000000.0,-0.15990833965867554,-1.1653714295396724,0.018159537601088127,Emerald,3
EXCL,PoS,PoS,5679705.0,0.0,-0.34957683332724515,1.58575504878312,-0.09838508775125372,Exclusive Coin,0
FLT,Scrypt,PoS/PoW/PoT,461829905.32893,0.0,-0.25332655537283877,0.16539065723837892,-0.29926674053971297,FlutterCoin,0
FRK,Scrypt,PoW,1142732.14912776,11235813.0,-0.16027935334539506,-1.1653701292203449,0.01816332273610631,Franko,3
FTC,NeoScrypt,PoW,208669093.00773,336000000.0,-0.181518969907372,-1.604903894931481,0.1820617226273638,FeatherCoin,3
GDC,Scrypt,PoW,884125802.0,1420609614.0,-0.13952457715388197,-1.1656106361812366,0.017975456696477925,GrandCoin,3
GLC,Scrypt,PoW,65672720.4708748,70000000.0,-0.15907574198046825,-1.16536852731844,0.018150214952209337,GlobalCoin,3
GLD,Scrypt,PoW,41658647.9999715,72245700.0,-0.15935292475808596,-1.1653795782958507,0.018154753894347828,GoldCoin,3
HBN,Scrypt,PoW/PoS,89266933.684704,120000000.0,-0.32724388201372007,0.9811984800380338,-0.5545804494301204,HoboNickels,0
HYP,X11,PoS,1678520090.7713,0.0,-0.33940897958275235,1.0322984130376462,-0.20845777500468093,HyperStake,0
IFC,Scrypt,PoW,90595753018.6314,90600000000.0,1.5867573030664381,-1.1666281763038164,-0.00035259255269493196,Infinite Coin,3
IOC,X11,PoW/PoS,17650913.9743456,22000000.0,-0.4078185350406525,1.2468419918704978,-0.5279974849448116,IOCoin,0
IXC,SHA-256,PoW,21089348.999,21000000.0,-0.14951011818947083,-1.3035487004917676,0.20647186101153522,IXcoin,3
KGC,Scrypt,PoW,151447649.8,265420800.0,-0.1566453204839278,-1.1654172586290894,0.018131142756078293,KrugerCoin,3
LKY,Scrypt,PoW,19326319.14375,20000000.0,-0.15999537972245778,-1.1653662983846982,0.018159738725911354,LuckyCoin,3
LTB,Scrypt,PoW,1104344.22938102,1350000.0,-0.16034981306435267,-1.1653658592609277,0.018163469004277184,Litebar ,3
MAX,SHA3,PoW/PoS,61445805.0,100000000.0,-0.4259885602567313,2.0699348450817547,-0.779625352367745,MaxCoin,0
MEC,Scrypt,PoW,38151999.9930997,42000000.0,-0.15960986050584672,-1.1653679365852194,0.01815584645647925,MegaCoin,3
MED,HybridScryptHash256,PoW,40431856.9,200000000.0,-0.1468409843034129,-2.2412402320906657,0.5059293522666187,MediterraneanCoin,3
MINT,Scrypt,PoS,21293925445.4969,0.0,-0.021003945505408635,0.7748988041153035,-0.23875905881394194,MintCoin,0
MINC,Scrypt,PoW,5804204.88794916,10000000.0,-0.16023121142735344,-1.165367637269939,0.01816245290675926,MinCoin,3
MZC,SHA-256,PoW/PoS,1613836099.99999,2419200000.0,-0.28190219852606957,0.8426587109484869,-0.36659046229968556,MazaCoin,0
NAUT,Scrypt,PoS,16180000.0,16180000.0,-0.28057585769082555,0.7659627323482301,-0.2347095719401671,Nautilus Coin,0
NAV,X13,PoW/PoS,66087096.2077108,0.0,-0.28406974054977324,1.822167836063076,-0.6336475291367595,NavCoin,0
NOBL,Scrypt,PoW,2366066305.76482,15000000000.0,-0.02529647150709505,-1.170876197147763,0.01750252299879711,NobleCoin,3
NMC,SHA-256,PoW,14736400.0,21000000.0,-0.14958765341887628,-1.3035513664623064,0.20647307014473698,Namecoin,3
NYAN,Scrypt,PoW,334709223.483138,337000000.0,-0.15390190724510036,-1.165371387894557,0.018095257093415126,NyanCoin,3
OPAL,X13,PoW/PoS,15156364.3306548,0.0,-0.2846913299849303,1.8221464633382607,-0.6336378356796077,OpalCoin,0
ORB,NeoScrypt,PoW/PoS,3220616.279225,3770000.0,-0.35518866037006186,0.5417327149584303,-0.3906199760162365,Orbitcoin,0
POT,Scrypt,PoW/PoS,222677226.014206,420000000.0,-0.32349167268463885,0.9811243974743906,-0.5546100579268681,PotCoin,0
PXC,Scrypt,PoW/PoS,73959274.625,98000000.0,-0.32758646516606305,0.9812015945517514,-0.5545772267327177,PhoenixCoin,0
RDD,Scrypt,PoW/PoS,29315567169.0888,0.0,0.028601955096796194,0.9935151190783245,-0.5601412958664208,Reddcoin,0
RPC,Scrypt,PoW,1104157.42169891,21000000.0,-0.16021069403291852,-1.165374378744729,0.01816319282561087,RonPaulCoin,3
SBC,Scrypt,PoW,24215181.725,250000000.0,-0.15830732114916923,-1.1654639650390222,0.01815557520507263,StableCoin,3
SMC,Scrypt,PoW,25593737.1355044,51200000.0,-0.15969799345859323,-1.1653771953014955,0.018158107302364043,SmartCoin,3
SUPER,X11,PoS,50707661.7493518,0.0,-0.3592757863417815,1.0316153129561105,-0.20814795950723064,SuperCoin,0
SYNC,X11,PoW/PoS,1177.0,1000.0,-0.40818969524748916,1.2468441231140697,-0.5279938165024695,SyncCoin,0
SYS,SHA-256,PoW,563336541.299966,888000000.0,-0.1367538760967603,-1.3036970446325318,0.20635646995435133,SysCoin,3
TES,Multiple,PoS,80260463.7331396,100000000.0,-0.25321239979205484,0.11890256240289154,0.18567974948836305,TeslaCoin,0
TGC,SHA-256,PoW,43536800.0,47011968.0,-0.14905199210803774,-1.3035505582607436,0.20646722302898943,TigerCoin,3
TIT,PHI1612,PoS,1622326490.46336,2300000000.0,-0.3203488822981822,1.543185732555287,-0.2077191888372377,TittieCoin,0
TOR,X11,PoW/PoS,1431851.00002479,10000000.0,-0.40810144186769515,1.2468403883446766,-0.527994229350318,TorCoin,0
TRC,SHA-256,PoW,22935396.0,42000000.0,-0.14933890865205496,-1.3035570305191477,0.20647121446949146,TerraCoin,3
UNB,SHA-256,PoW,2278150.0,80000000.0,-0.14932198349954526,-1.3035821743737424,0.20647461193171904,UnbreakableCoin,3
UNO,SHA-256,PoW,200911.79151896,250000.0,-0.1499119625752459,-1.3035484698594098,0.20647612830684872,Unobtanium,3
URO,X11,PoW,1207310.0,0.0,-0.2393648856315873,-0.8997341543936666,0.044731424900909963,UroCoin,3
USDE,Scrypt,PoW/PoS,1098952592.6,1600000000.0,-0.30444271983048105,0.980980522410782,-0.5547934230747549,UnitaryStatus Dollar,0
UTC,Scrypt,PoW/PoS,50235211.141939,100000000.0,-0.3278618480460964,0.9811907717996652,-0.5545727395331813,UltraCoin,0
VIA,Scrypt,PoW,23150892.1679687,23000000.0,-0.15992746242677622,-1.1653659941020045,0.01815896863901371,ViaCoin,3
VRC,Scrypt,PoST,32021108.4136696,0.0,-0.25520879697463367,0.23906245315405183,-0.25571282901434217,VeriCoin,0
VTC,Lyra2REv2,PoW,51173723.8166347,84000000.0,-0.19684454036729593,-1.185000297833128,0.19006458191608402,Vertcoin,3
WDC,Scrypt,PoW,119606941.0,265420800.0,-0.1570339237391445,-1.165430620359464,0.018137202879996896,WorldCoin,3
XC,X11,PoW/PoS,6950831.0970606,5500000.0,-0.4080659447411266,1.2468446553548802,-0.5279952165021495,X11 Coin,0
XCR,Multiple,PoS,100000000.0,0.0,-0.2536794830559798,0.11895420171371236,0.18567739820603021,Crypti,0
XJO,SHA-256,PoW,39195739.362088,45000000.0,-0.14911921769879635,-1.303551507652556,0.20646807752858454,JouleCoin,3
XST,X13,PoW/PoS,33093725.4123502,0.0,-0.28447241158866826,1.822153990626171,-0.6336412496309621,StealthCoin,0
ZCC,Scrypt,PoW/PoS,147990237.978331,1000000000.0,-0.32029681815523453,0.9808415922373372,-0.5546039959176028,ZCC Coin,0
BCN,CryptoNight,PoW,184066828814.0,184467440735.0,3.8479577757803303,-2.273366942162609,0.3955032764425794,ByteCoin,3
XDN,CryptoNight,PoW,6906587610.38292,10000000000.0,0.4505637476812429,-2.272069324034013,0.43167396462032126,DigitalNote ,3
BURST,Shabal256,PoC,1813033920.0,2158812800.0,-0.06946816031415287,1.750223048299368,-0.5638542203350494,BurstCoin,0
SJCX,Counterparty,PoS,51173144.0,500000000.0,-0.3196799497822263,1.4905371205635025,-0.10164959706053037,StorjCoin,0
MONA,Scrypt,PoW,68194674.8711679,105120000.0,-0.15879631415547052,-1.1653826955382993,0.01814924128656778,MonaCoin,3
NTRN,SHA-256,PoW/PoS,39121694.0,68000000.0,-0.3177673785189344,0.843017273538258,-0.36625770263095264,Neutron,0
FAIR,Groestl,PoW/PoS,53193831.0,0.0,-0.3848849761972006,0.9386436697448142,-0.3419597109262134,FairCoin,0
NLG,Scrypt,PoW,415032420.0,1680000000.0,-0.14341320147286404,-1.1659199485869007,0.018061091324970805,Gulden,3
RBY,Scrypt,PoS,27184490.3918338,0.0,-0.28055610607175513,0.7659743652663163,-0.2347114389465164,RubyCoin,0
PTC,Scrypt,PoW,137517654.41397,166386000.0,-0.15751649348036148,-1.165380166971066,0.018135186103199336,PesetaCoin,3
KORE,X13,PoW/PoS,2022464.886973,12000000.0,-0.28476666445262566,1.8221357490990469,-0.6336355046337178,Kore,0
WBB,Scrypt,PoW,181919.2435974,2628000.0,-0.1603520227011959,-1.1653668004366302,0.01816362660153397,Wild Beast Coin,3
NOTE,Scrypt,PoS,174646113.934655,500000000.0,-0.2752164128128834,0.7658194677399355,-0.23474653312164695,Dnotes,0
FLO,Scrypt,PoW,152270664.860648,160000000.0,-0.1573816514801172,-1.1653712072752223,0.01813246798358907,Flo,3
8BIT,Scrypt,PoW/PoS,1467841.0,0.0,-0.32916503100247807,0.9812136626671643,-0.5545620521503034,8BIT Coin,0
STV,X13,PoW/PoS,7096834.0,10000000.0,-0.2847188937148507,1.8221387456375495,-0.633636442306149,Sativa Coin,0
ABY,Scrypt,PoW,792537250.0,1000000000.0,-0.14362028052651638,-1.1654667122112619,0.017998800790188448,ArtByte,3
FLDC,Stanford Folding,PoW,719416990.0,1000000000.0,-0.12807863133627465,-2.1638955554859334,0.43846478285084006,Folding Coin,3
U,X11,PoS,2689812.0,20000000.0,-0.35972022590377856,1.031586491451328,-0.2081391015821889,Ucoin,0
UIS,Multiple,PoW,65113302.0,0.0,-0.13359022848270813,-1.8123891331186506,0.438554001251696,Unitus,3
CYP,QuBit,PoW,6365285.0,0.0,-0.18838168060423907,-1.4870645421026387,0.2169143612078162,CypherPunkCoin,3
OMC,Scrypt,PoW,10140044.4430293,3371337.0,-0.16022522492250665,-1.1653629438585071,0.018161720859660047,OmniCron,3
VTR,Scrypt,PoW/PoS,11604722.0,20000000.0,-0.3288997150807831,0.9812092453877141,-0.5545642625993051,Vtorrent,0
GRE,Scrypt,PoW,4610340640.89,10000000000.0,-0.033305815817260956,-1.167766615510223,0.017145662111704495,GreenCoin,3
XCN,M7 POW,PoW,708506520.0,1840000000.0,-0.12602171345700516,-2.1541106731341984,0.41617190142700766,Cryptonite,3
MSC,Scrypt,PoW,619478.0,619478.0,-0.16036090273503495,-1.165365746008332,0.018163571555798036,MasterCoin,3
SOON,SHA-256,PoW,12462620.0,21000000.0,-0.1496154040043043,-1.3035523206381536,0.2064735029048446,SoonCoin,3
1CR,Scrypt,PoW,88213.0,92000000000.0,0.4909850032800802,-1.2052529928727154,0.016870464669227453,1Credit,3
ISL,X11,PoW/PoS,1513704.0,0.0,-0.40817124253375114,1.246844758268986,-0.5279941043620624,IslaCoin,0
NXS,SHA3,PoW/nPoS,63657220.0,78000000.0,-0.4356123245799609,2.353429954818045,-0.7928221041423013,Nexus,0
MARS,X11,PoW,32221574.820996,33000000.0,-0.23875272995472083,-0.8997354468731152,0.04472505819979573,MarsCoin ,3
CTO,Lyra2RE,PoW,13742738.0,65789100.0,-0.15217082624254813,-2.1795660643264454,0.37927042312983805,Crypto,3
ACP,SHA-256,PoW,14747200.0002,53760000.0,-0.1493555819572499,-1.3035655652747533,0.20647260759161135,Anarchists Prime,3
DRZ,QUAIT,PoW/PoS,8568038.35935056,5060000.0,-0.41571780239368533,1.8944624756749653,-0.7064374608218591,Droidz,0
BSC,X11,PoW,15863837.5,21000000.0,-0.2390373292473074,-0.8997371085926547,0.044728340187663085,BowsCoin,3
SQL,X11,PoS/PoW,329200.01639,0.0,-0.3712949413162963,1.0654189757738297,-0.15119533841867897,Squall Coin,0
SONG,Scrypt,PoW,32565300.0,210240000.0,-0.15848691066537415,-1.1654432227231073,0.018154544852580598,Song Coin,3
ZNY,Scrypt,PoW,75614500.0,250000000.0,-0.15768001280239075,-1.1654423956752074,0.018145792563610926,BitZeny,3
DIGS,Scrypt,PoS,100000000.0,100000000.0,-0.27895942508625665,0.7659615660320649,-0.23472670332251602,Diggits,0
EXP,Ethash,PoW,10495278.0,16906397.0,-0.15050520542644755,-2.053495559237814,0.39508647863604573,Expanse,3
CON,X13,PoW/PoS,23042604.0,50000000.0,-0.2842410833017344,1.8221280948671268,-0.6336400394734992,Paycon,0
SC,Blake2b,PoW,33098296530.0,0.0,0.37247479324433613,-2.2666954445438967,0.3982895778599928,Siacoin,3
EMC,SHA-256,PoW/PoS,43059794.804778,1000000000.0,-0.311120788219246,0.8426148505193229,-0.36627155300258235,Emercoin,0
EGC,X15,PoW/PoS,13530556.4180753,26298000.0,-0.24738511354653883,1.8882869490631686,-0.6973726799543686,EverGreenCoin,0
MND,X11,PoW,15867695.0,16000000.0,-0.23907268199281628,-0.8997349391862456,0.0447284097369962,MindCoin,3
I0C,SHA-256,PoW,20997476.8650231,21000000.0,-0.1495112394525228,-1.303548739045265,0.2064718784972173,I0coin,3
DCR,BLAKE256,PoW/PoS,10365046.9281661,21000000.0,-0.07121238312559978,0.9070754238322881,-0.455600549789879,Decred,0
RVR,Scrypt,PoW,210000000.0,210000000.0,-0.1563230895338604,-1.1653686594405366,0.018120777738346184,Revolution VR,3
HODL,1GB AES Pattern Search,PoW,11448949.0,81962100.0,-0.18123894273793242,-2.1567791813130897,0.4319648894672184,HOdlcoin,3
EDRC,SHA-256,PoW/PoS,3669691.84494672,22000000.0,-0.3185257345688665,0.843022340000178,-0.3662503085746202,EDRCoin,0
HTC,X11,PoW/PoS,10996318099.0,26550000000.0,-0.0860109347345042,1.2399476985576907,-0.53045991014561,Hitcoin,0
GAME,Scrypt,PoW,69836100.0,84000000.0,-0.1589258100709258,-1.1653728499907692,0.01814922575779028,Gamecredits,3
DBIC,SHA-256,PoW/PoS,5129014.0,10500000.0,-0.3185893437162214,0.8430279383060594,-0.3662504246699005,DubaiCoin,0
DIEM,SHA-256,PoW,21739971929.0,21626280000.0,0.2685248772719887,-1.3038016553487484,0.20203448769518997,CarpeDiemCoin,3
PWR,NIST5,PoW/PoS,10069449031.9252,0.0,-0.24466768329215421,1.5458609421483631,-0.5924546092331728,PWR Coin,0
BLRY,Scrypt,PoW/PoS,8998743.2411911,42000000.0,-0.32877576079165965,0.9811986135413872,-0.5545640758605145,BillaryCoin,0
GPU,Scrypt,PoS,40477042.0,221052632.0,-0.2788288308501328,0.7658841043599623,-0.23471707613979675,GPU Coin,0
ADZ,X11,PoW,45110324.0,84000000.0,-0.2382343496569203,-0.8997521496337064,0.0447218882401345,Adzcoin,3
SOIL,Dagger,PoW,5702048.0,30000000.0,-0.15005853346455916,-2.210088636248681,0.36505055263762076,SoilCoin,3
YOC,Scrypt,PoW,636462.55983338,168351300.0,-0.15917316002375442,-1.1654384602748586,0.01816121056672588,YoCoin,3
SIB,X11GOST,PoW,17263355.0,24000000.0,-0.11723603637981775,-2.225111341233265,0.25722808563865734,SibCoin,3
ERC,X11,PoW/PoS,10407269.7881868,384000000.0,-0.4053439935390894,1.246682004301118,-0.5280011948155134,EuropeCoin,0
ZEIT,Scrypt,PoS,36971236046.8073,99000000000.0,0.8712479591397411,0.7385554824828785,-0.243134476780679,ZeitCoin,0
SWING,SHA-256,PoW/PoS,4377081.60953993,40000000.0,-0.31838966178744826,0.8430148328158471,-0.3662506962301488,SwingCoin,0
SAFEX,Scrypt,PoC,2147483647.0,2147483647.0,-0.08248939395891011,0.7265161478413434,-0.4098305611794579,SafeExchangeCoin,0
NEBU,PoS,PoS,20000000.0,20000000.0,-0.34926046049257325,1.5857523870440462,-0.09838809441391357,Nebuchadnezzar,0
FRN,Scrypt,PoW,6570807.65677618,20000000.0,-0.160151055694275,-1.1653716511457295,0.018162166435066254,Francs,3
BOLI,X11,PoW,13654082.4987998,25000000.0,-0.239035978573136,-0.8997397701309682,0.04472870453531685,BolivarCoin,3
XRA,X11,PoW/PoS,134554941.15119,75000000.0,-0.4060165294918002,1.2468680712775424,-0.5280204798596541,Ratecoin,0
REV,SHA-256,PoW/PoS,1195525.0,222725000.0,-0.31713480483105655,0.8429342758987487,-0.36625265920740785,Revenu,0
CKC,SHA-256,PoW/PoS,16662820.0,525000000.0,-0.3148059362077027,0.8428097130391994,-0.3662598520302582,Clockcoin,0
VIP,NIST5,PoW/PoS,83450403.0,90000000.0,-0.3659056494071591,1.5416313676072706,-0.5905552762837754,VIP Tokens,0
BSD,X11,PoW/PoS,24387724.5010828,139000000.0,-0.4069079590335216,1.2467940926951557,-0.5280004117712452,BitSend,0
OMNI,Scrypt,PoW,616448.0,616448.0,-0.16036096116728013,-1.1653657459661708,0.01816357217507846,Omni,3
LIR,POS 3.0,PoS,38589808.6658096,33500000.0,-0.3335929587328347,1.467813949614387,-0.11115199837393361,Let it Ride,0
PUT,Scrypt,PoW/PoS,813092338.575672,2000000000.0,-0.3050995451673559,0.9806871401470123,-0.5547446390350114,PutinCoin,0
IBANK,Scrypt,PoW/PoS,4526324.0,44333333.0,-0.328813824983413,0.9811957250879002,-0.5545632574405309,iBankCoin,0
FRWC,Scrypt,PoW/PoS,100000000.0,100000000.0,-0.3272544884842573,0.9812116552446619,-0.5545822110807261,Frankywillcoin,0
MUDRA,X13,PoS,5000000.0,200000000.0,-0.2351042280050671,1.6068054005730872,-0.3137832062389429,MudraCoin,0
PIZZA,X11,PoW,1377917.0,25000000.0,-0.23918580431678946,-0.899744921737814,0.044731041012329185,PizzaCoin,3
LC,X11,PoS,657000000.0,657000000.0,-0.3472246912183752,1.0315848919928614,-0.20827258813161498,Lutetium Coin,0
KMD,Equihash,dPoW/PoW,115898131.0,200000000.0,-0.22858610795882267,-1.2123159485437804,0.06849732344222034,Komodo,3
GB,X11,PoW/PoS,15563873.0,50000000.0,-0.40764576753142884,1.246828976447613,-0.527997481313744,GoldBlocks,0
CTC,Scrypt,PoW/PoS,43165500.0,90000000.0,-0.3280189307234573,0.981192140620186,-0.5545712534142678,CarterCoin,0
KRB,CryptoNight,PoW,7822432.72439746,10000000.0,0.2956381978403067,-2.2706331028120106,0.43312740745598505,Karbo,3
BXT,SHA-256,PoW/PoS,595429.0,21000000.0,-0.31857033469571294,0.8430214834648403,-0.36624970940488066,BitTokens,0
ZYD,SHA-256,PoW,6243840.0,9736000.0,-0.14977105047939498,-1.3035500467136263,0.2064748448368653,ZayedCoin,3
MST,X11,PoW/PoS,657636.34549789,3000000.0,-0.40816045060596506,1.2468430983536112,-0.5279939835999934,MustangCoin,0
ZNE,Scrypt,PoW/PoS,2581970.0,21000000.0,-0.32900275423472924,0.9812050254955227,-0.5545625593891109,ZoneCoin,0
COVAL,Multiple,PoW,1000000000.0,1200000000.0,-0.11368434821528568,-1.8125170834982003,0.43835919969258935,Circuits of Value,3
ROOT,Scrypt,PoW/PoS,1939889.0,0.0,-0.3291592698433729,0.9812138607588006,-0.5545621419934471,RootCoin,0
DOPE,Scrypt,PoW,116845228.0,200000000.0,-0.15753080632508784,-1.1654034156127004,0.01813864810735964,DopeCoin,3
BTCR,Scrypt,PoS,169598616.0,0.0,-0.27881799800551227,0.7660341283563876,-0.23473854409842615,BitCurrency,0
DLC,SHA-256,PoW,9106714.0,10638298.0,-0.14972972199651502,-1.3035492365266992,0.20647428727334818,DollarCoin,3
SCN,Scrypt,PoW/PoW,665200057.0,3100000000.0,-0.21306977275430616,0.13287990001408323,-0.12677214448433802,Swiscoin,0
SH,Scrypt,PoW,11119200.0,30000000.0,-0.16002474471545805,-1.1653740780200206,0.018161160189401088,Shilling,3
BUZZ,SHA-256D,PoW/PoS,19577787259.0,20000000000.0,0.03769634348450293,1.997585108562808,-0.8433055266927362,BuzzCoin,0
XPO,PoS,PoS,74033806.7949683,74000000.0,-0.34821868114804977,1.585751649846043,-0.09839913752977698,Opair,0
PSB,Scrypt,PoW/PoS,33522957.0,0.0,-0.3287738109922017,0.9812271143720184,-0.5545681530815488,PesoBit,0
HALLO,X11,PoW/PoS,264678458.288619,1500000000.0,-0.3943394733803833,1.2463048572236202,-0.5280652765879459,Halloween Coin,0
XZC,Lyra2Z,PoW,7568281.24956067,21400000.0,-0.14365821161616907,-2.1816201778670403,0.3320149658827165,ZCoin,3
CFC,PoS,PoS,148716816.0,39999898.0,-0.3475479240947306,1.5857977310477813,-0.09841287374036053,CoffeeCoin,0
ROYAL,X13,PoS,2500124.0,2500124.0,-0.23653303020325347,1.6068899790754978,-0.3137799542496549,RoyalCoin,0
GNJ,X14,PoW/PoS,100000000.0,100000000.0,-0.41466789612537136,2.003937452284,-0.6603720513147107,GanjaCoin V2,0
TEAM,PoS,PoS,17818682.1654,301000000.0,-0.34729761246174845,1.585629642004157,-0.09839162918542774,TeamUP,0
LANA,SHA-256D,PoW/PoS,1082162635.53683,7506000000.0,-0.2764925206009855,1.9952404170130047,-0.8396096986591559,LanaCoin,0
ELE,Ethash,PoW,26205539.0,26205539.0,-0.15024763030621344,-2.0534929982498604,0.3950833578451031,Elementrem,3
ZCL,Equihash,PoW,5613550.0,21000000.0,-0.14505175322994518,-1.982336938311868,0.30860072725048493,ZClassic,3
ARK,DPoS,DPoS,108202084.0,125000000.0,3.753967187514808,1.6571902789840538,-0.00562961087704737,ARK,0
INSANE,X11,PoW/PoS,18342813.0,30000000.0,-0.40775345096711607,1.2468388137608588,-0.5279977290850117,InsaneCoin,0
KLC,Scrypt,PoW,196297971.0,10000000000.0,-0.08717746047689912,-1.169618937592267,0.017985770468881952,KiloCoin,3
ATX,X11,PoW,824000000.0,500000000.0,-0.22578304385703246,-0.8996056539693161,0.04456779747061564,ArtexCoin,3
EMB,X13,PoW/PoS,92192822723.0,850000000.0,0.846318594087854,1.8604596513393414,-0.6511936169675316,EmberCoin,0
XEN,X11,PoW/PoS,3853326.77707314,3853326.77707314,-0.4081154069447368,1.2468440694364642,-0.5279946038188524,XenixCoin,0
FRE,PoS,PoS,50000000.0,50000000.0,-0.34868192341148196,1.585751969608053,-0.0983942259036593,FreeCoin,0
PLNC,Scrypt,PoW/PoS,17089600.0,38540000.0,-0.32870151176427626,0.9812035089217862,-0.5545655671270556,PLNCoin,0
ARCO,Scrypt,PoW/PoS,2449577.41533168,42000000.0,-0.32885569076981647,0.981195865229831,-0.5545628293820922,AquariusCoin,0
KURT,X11,PoW,61364813.0,228000000.0,-0.23701645509530755,-0.8998077608351912,0.04471677041829503,Kurrent,3
XCRE,PoS,PoS,20000000.0,20000000.0,-0.34926046049257325,1.5857523870440462,-0.09838809441391357,Creatio,0
ENT,X11,PoW/PoS,6069482.07721352,60000000.0,-0.4076908431672677,1.2468206566177067,-0.5279958148485944,Eternity,0
EUC,SHA-256,PoW/PoS,12416554.0,20000000.0,-0.31843314250629456,0.843026877674656,-0.3662519452190206,Eurocoin,0
BCF,Scrypt,PoW/PoS,20244023.640728,33000000.0,-0.32870223627742756,0.9812072345622683,-0.554566089622662,BitcoinFast,0
XSN,X11,TPoS,75590369.0,76500000.0,-0.42841044019350705,0.787135540420045,-0.22673167755987078,Stakenet,0
BCCOIN,Scrypt,PoW/PoS,11080722.3769581,28000000.0,-0.32884947056926334,0.9812055570347257,-0.5545642753220281,BitConnect Coin,0
MONEY,Scrypt,PoW/PoS,10914418.0,650659833.0,-0.32444309045243364,0.9809355283887791,-0.5545729962144933,MoneyCoin,0
XNG,X11,PoW/PoS,814671.0,5000000.0,-0.40814437413021915,1.2468422971370496,-0.5279940416012227,Enigma,0
XCI,CryptoNight,PoW,978145.0,21000000.0,0.29563254563061875,-2.270640744102203,0.43312855548012585,Cannabis Industry Coin,3
RC,Scrypt,PoW/PoS,8377873.0,144000000.0,-0.32806118184202915,0.981154130129766,-0.5545653914763272,Russiacoin,0
PND,Scrypt,PoS,33813143821.8337,32514916898.0,0.3619926344936151,0.7660553194311417,-0.24159884771952478,PandaCoin,0
UNITS,Scrypt,PoW/PoS,3472983.0,13000000.0,-0.3290485194931677,0.9812088678631032,-0.5545626165186812,GameUnits,0
GAKH,Scrypt,PoW/PoS,3315789.0,3315789.0,-0.3291190018582423,0.9812130005603167,-0.5545624504724492,GAKHcoin,0
ASAFE2,Quark,PoS,10517772.7391666,15000000.0,-0.35313587982427946,1.4737010596737095,-0.23408992796192724,Allsafe,0
LTCR,QuBit,PoW/PoS,30227750.0,78835200.0,-0.3563423945251127,0.6594900761058093,-0.3558167595577329,LiteCreed,0
OS76,Scrypt,PoW,894026.0,2714286.0,-0.16034272081807624,-1.1653665390159638,0.018163489856001604,OsmiumCoin,3
BIC,CryptoNight,PoW,9357088.0,25000000.0,0.29576312717517106,-2.2706389621675833,0.43312690452019265,Bikercoins,3
HXX,Lyra2RE,PoW,1876146.443596,9999999.0,-0.1527106381781561,-2.1795468562737805,0.3792734658650052,HexxCoin,3
KED,Scrypt,PoW/PoS,23965372.0,500000000.0,-0.32535047505924714,0.9810063248348346,-0.5545733623735464,Klingon Empire Darsek,0
IOP,SHA-256,PoW/PoS,2526078.47525448,21000000.0,-0.31854677188260216,0.8430222936483668,-0.3662500768582291,Internet of People,0
KUSH,X11,PoW/PoS,5659096.95728771,9354000.0,-0.40805442366037953,1.2468424423569888,-0.5279950248257199,KushCoin,0
PRX,Scrypt,PoW/PoS,11821728.0,20000000.0,-0.32889706660839724,0.9812093364527616,-0.5545643039012514,Printerium,0
PAC,X11,PoW,536982074.0,100000000000.0,0.47517052882847616,-0.9428650729872141,0.043223782543909094,PacCoin,3
IMPCH,Scrypt,PoW/PoS,308179.0,21933333.0,-0.32902389698947737,0.9812036666615122,-0.554562139746495,Impeach,0
CTL,CryptoNight-V7,PoW,10969318.522954,185000000.0,-0.15832869843616754,-2.114789486202312,0.38268727188550083,Citadel,3
ZBC,Scrypt,PoS,2922613.96424908,55000000.0,-0.2804628146034591,0.7659403382758545,-0.23470759439231617,Zilbercoin,0
FRST,Scrypt,PoW/PoS ,110000000.0,110000000.0,-0.2578075698368277,0.18908848123990793,-0.1689395058770412,FirstCoin,0
BVC,Scrypt,PoW,3115258.0,3360000.0,-0.16031103992771062,-1.1653658868456815,0.018163058020549686,BeaverCoin,3
FIND,X13,PoS,14524851.4827,14524851.4827,-0.2363011385119615,1.6068898117570296,-0.3137824118994296,FindCoin,0
VLTC,X11,PoW,30385540.0,1000000000.0,-0.23192881192279388,-0.9001554674810639,0.04471181481334991,VaultCoin,3
ZER,Equihash,PoW,6921653.89980891,17000000.0,-0.14506410819913,-1.9823346551451229,0.30860053451073854,Zero,3
CHAT,Scrypt,PoW/PoS,1000000000.0,1000000000.0,-0.30989837605152065,0.9811991321648682,-0.5547661557730916,OpenChat,0
CDN,Scrypt,PoW,99843408.3158479,100000000.0,-0.15844630330408807,-1.1653671945544979,0.018143289670927116,Canada eCoin,3
ZOI,Lyra2RE,PoW,18545757.5,21000000.0,-0.15242931254787553,-2.1795446301215198,0.3792701385760568,Zoin,3
RNS,Scrypt,PoS,36050365.0,34426423.0,-0.28020416371102913,0.7659631599336564,-0.23471361027753737,RenosCoin,0
DBIX,Dagger-Hashimoto,PoW,2232901.0,2232901.0,-0.15966570783759382,-2.225393634810247,0.44688278218231803,DubaiCoin,3
XVP,X11,PoW/PoS,13162749.0858027,100000000.0,-0.40732107405124973,1.2468062909564241,-0.5279977271519092,VirtacoinPlus,0
TAJ,Blake2S,PoW/PoS,12184195.9258495,36900000.0,-0.417981657061941,1.841703232354153,-0.6359869864238735,TajCoin,0
IMX,X11,PoW/PoS,110630387.850471,110000000.0,-0.40606072042726227,1.2468428569929106,-0.5280164183728452,Impact,0
EB3,Scrypt,PoW,64096052.0,4000000000.0,-0.13127072232585352,-1.1670730700382006,0.018095272189506566,EB3coin,3
ATMOS,PoS,PoS,111135836.889,110290030.0,-0.34750893340715294,1.5857514856373696,-0.09840670913963452,Atmos,0
HPC,X11,PoW/PoS,21521322.0099142,100000000.0,-0.40721906097523203,1.2468097985729927,-0.5279993180080681,HappyCoin,0
CXT,NIST5,PoW,10123200.0,48252000.0,-0.19828605696985183,-0.6049600875666559,-0.01781526240201609,Coinonat,3
MCRN,PoS,PoS,401421401.0,400000000.0,-0.3419149764951635,1.5857476960024381,-0.09846603048066617,MacronCoin,0
RAIN,X11,PoW/PoS,121665451.643876,500000000.0,-0.4031648555068654,1.2466784003445144,-0.5280240007498828,Condensate,0
IMS,Scrypt,PoW/PoS,5368934.0,21212121.0,-0.3289672386323427,0.9812061030587839,-0.5545630928033461,Independent Money System,0
ARGUS,Scrypt,PoW/PoS,1148324.0,28600000.0,-0.32896644358338006,0.9812011288388164,-0.5545623933595346,ArgusCoin,0
LMC,Scrypt,PoW/PoS,500000.0,1000000000.0,-0.32209687816492455,0.9807796989922728,-0.554575924648067,LomoCoin,0
PROC,SHA-256,PoS,100545745.0,75000000000.0,0.26179327506342887,0.5953056278704281,-0.04746718237970129,ProCurrency,0
XGR,X11,PoW/PoS,17171382.0,40000000.0,-0.4076969481695304,1.246833986602774,-0.5279976466979314,GoldReserve,0
BENJI,Scrypt,PoW,20276099.146524,35520400.0,-0.15987390414516842,-1.1653726288024193,0.01815933979215013,BenjiRolls,3
GRW,Scrypt,PoS,295135466.361878,2000000000.0,-0.26312594049907223,0.765219693961749,-0.2347905504678813,GrowthCoin,0
ILC,SHA-256,PoW,1317747500.0,2500000000.0,-0.11613368527302166,-1.3040793560928876,0.2061902263110304,ILCoin,3
PHR,PoS,PoS,11390225.9742772,30000000.0,-0.349294739729124,1.585744438437424,-0.09838659631461472,Phreak,0
DEA,Scrypt,PoW/PoS,21358764.0,105000000.0,-0.32817887383562155,0.9811764862132918,-0.5545673138696979,Degas Coin,0
HTML5,X15,PoW/PoS,40659020000.0,90000000000.0,0.885687663341558,1.8663347681977693,-0.706373318729159,HTML5 Coin,0
USC,SHA-256,PoS,10343113.0,200084200.0,-0.2688883948106917,0.6276978414966311,-0.046398574220658094,Ultimate Secure Cash,0
EQT,Scrypt,PoW,13673406.4325268,72000000.0,-0.15969621310828122,-1.1653912155813282,0.018160083675230764,EquiTrader,3
QTUM,POS 3.0,PoS,100000000.0,100000000.0,-0.33237265397106674,1.4678108883953878,-0.11116462111847852,QTUM,0
QRL,CryptoNight-V7,PoW,69036016.8340164,105000000.0,-0.15818641454988802,-2.1147304343169995,0.3826773448026132,Quantum Resistant Ledger,3
ESP,536,PoW/PoS,22801882871.0,50000000000.0,0.5823704924094564,1.8404190205464985,-0.8348794475045802,Espers,0
DYN,Argon2d,PoW,19784224.6512734,0.0,-0.14301245486125183,-2.1889067335610357,0.414492534610297,Dynamic,3
NANO,Blake2b,PoW,133248297.0,340282367.0,-0.027441392748133363,-2.280676528066378,0.40455890988118665,Nano,3
CHAN,Cloverhash,PoW,18407259.0885883,30000000.0,-0.16183239509104727,-2.1984063073479434,0.392398361493398,ChanCoin,3
DCY,CryptoNight,PoW,1809467143.0,2000000000.0,0.3317156890853504,-2.270739834710622,0.43275653426601585,Dinastycoin,3
DNR,NIST5,PoW/PoS,4171382.0,10000000.0,-0.3674396156932488,1.5416327833237053,-0.5905390628657111,Denarius,0
DP,X11,PoW,35138975.0,100000000.0,-0.2382427665876898,-0.8997632709608909,0.04472356114272423,DigitalPrice,3
VUC,NIST5,PoW/PoS,62942075.0,120000000.0,-0.3659435464890018,1.541609754705289,-0.5905517947109314,Virta Unique Coin,0
BTPL,Skein,PoW/PoS,6804362.0,100000000.0,-0.4110825609941437,1.961415396945249,-0.8319128445185812,Bitcoin Planet,0
UNIFY,Scrypt,PoW,18133195.0,19276800.0,-0.16001506156130565,-1.165366485522083,0.018159975974608784,Unify,3
BRIT,X13,PoW/PoS,21268092.0,30000000.0,-0.28440433981780716,1.8221360213561424,-0.63363942060315,BritCoin,0
SOCC,Scrypt,PoW,5167775.0,75000000.0,-0.15977878108035787,-1.165396085582551,0.018161660350379832,SocialCoin,3
ARC,X11,PoW,26042364.3735553,60000000.0,-0.23863698572007214,-0.8997497459887227,0.04472585473499361,ArcticCoin,3
DAS,X11,PoW,2622886.0,18900000.0,-0.23921379774885468,-0.8997417545943793,0.04473088980789092,DAS,3
LINDA,Scrypt,PoW/PoS,9044930943.24243,50000000000.0,0.13520510641235983,0.9633308122405174,-0.5569860960821789,Linda,0
XLC,CryptoNight,PoW,14161803.0,54000000.0,0.29602708580474457,-2.2706495190708846,0.43312558241222393,LeviarCoin,3
ONION,X13,PoW/PoS,21917018.0492836,18898187.6216583,-0.2844750203746462,1.8221411069477345,-0.6336393880559531,DeepOnion,0
BTX,Time Travel,PoW,17801865.1605478,21000000.0,-0.17215733432950722,-2.12264565089584,0.39103065916069113,Bitcore,3
GCN,Scrypt,PoW,163055097500.0,200000000000.0,3.2456431046541567,-1.1836523135110064,-0.01568131397730706,gCn Coin,3
SMART,Keccak,PoW,2241009149.22257,5000000000.0,-0.11836823083828543,-1.1844084979990026,0.09306771923375888,SmartCash,3
SIGT,SkunkHash v2 Raptor,PoS,107972766.0,137500000.0,-0.3542133015244693,1.5113087087024002,0.01375463891118925,Signatum,0
ONX,X11,PoW,122475638.389743,1100000000.0,-0.23009689220594273,-0.9001601782691688,0.04469288197641151,Onix,3
CRM,Skein,PoW/PoS,47331802.4774238,100000000.0,-0.4105879396151393,1.9614324040017135,-0.8319205579558966,Cream,0
BCH,SHA-256,PoW,17995589.6469082,21000000.0,-0.1495478762985202,-1.3035499987662047,0.20647244983526922,Bitcoin Cash,3
XMCC,X11,PoW/PoS,12569262.5359307,9507271.0,-0.40796900266973735,1.2468452757077664,-0.5279963421663705,Monoeci,0
DFT,Scrypt,PoS,18663297.3489799,17405891.19707116,-0.2805368707623222,0.7659632429522086,-0.23471006180892284,Draftcoin,0
VET,VeChainThor Authority,Proof of Authority,55454734800.0,86712634466.0,4.40752020864835,3.786508184419334,0.463001731940891,Vechain,0
SOJ,Scrypt,PoW,485214.0,10500000000.0,-0.08602729523856655,-1.1699178878074945,0.018016010432423474,Sojourn Coin,3
STCN,PoS,PoS,4000000.0,61599965.0,-0.34916120786893146,1.5857276367781845,-0.09838563395167023,Stakecoin,0
NYC,Scrypt,PoW,143006669741.687,0.0,1.5849669838898273,-1.105353990323006,-0.009054230468704919,NewYorkCoin,3
FRAZ,Scrypt,PoW,9704042.0,20000000.0,-0.1601128158085746,-1.1653703363058892,0.018161570098203766,FrazCoin,3
KRONE,Scrypt,PoW,17453749.4042601,84000000.0,-0.15956511593830663,-1.165394831877211,0.018159195496144705,Kronecoin,3
ACC,Scrypt,PoW,32646731.063036,100000000.0,-0.15926641216800222,-1.165395393169334,0.018156078965085858,AdCoin,3
LINX,Scrypt,PoW,33716526.0,100000000.0,-0.15925335574399074,-1.1653949442373837,0.018155875354986355,Linx,3
XCXT,Scrypt,PoW/PoS,19539588.0,48252000.0,-0.3286028500102791,0.981200326331382,-0.5545661699428807,CoinonatX,0
ETHD,Scrypt,PoW/PoS,4200000.0,4200000.0,-0.3291019502298755,0.9812129882569338,-0.5545626311901388,Ethereum Dark,0
SUMO,CryptoNight,PoW,8946653.0,88888888.0,0.29621044906635385,-2.2706668339120517,0.4331260845696169,Sumokoin,3
ODN,SHA-512,PoS,25000000.0,91388946.0,-0.3345974834867746,1.4769952322710391,-0.18227725875551126,Obsidian,0
ADA,Ouroboros,PoS,25927070538.0,45000000000.0,0.6226109321579012,1.5771818117870573,-0.06061405790457758,Cardano,0
REC,X11,PoW/PoS,7262402.04264803,27000000.0,-0.40790992289447536,1.2468354646166107,-0.5279955780214131,Regalcoin,0
BTCZ,Equihash,PoW,5211553258.01514,21000000000.0,0.06701526628987978,-1.9892479055487922,0.30731500448987653,BitcoinZ,3
TZC,NeoScrypt,PoW/PoS,182638400.0,400000000.0,-0.3501936427808625,0.5416362178753833,-0.3906596936246113,TrezarCoin,0
ELM,X11,PoW,2702855668.85288,1800000000.0,-0.1936483992243289,-0.899380830136327,0.044191928130805413,Elements,3
TER,Scrypt,PoW/PoS,1140734.91680375,15733333.0,-0.3290576317565742,0.9812067040944381,-0.5545622110522118,TerraNovaCoin,0
VIVO,NeoScrypt,PoW,4165967.57499639,27000000.0,-0.18620255882585032,-1.6048557439594349,0.18210498846948098,VIVO Coin,3
RUP,Lyra2REv2,PoS,24000000.0,24000000.0,-0.3181160157359515,0.7463430072296413,-0.0627993659976546,Rupee,0
BTG,Equihash,PoW,17202361.088994,21000000.0,-0.1449103163749568,-1.9823320751484848,0.30859852159508616,Bitcoin Gold,3
WOMEN,Scrypt,PoW/PoS,48459472454.0,25000000000.0,0.43924486992147055,0.990709786630787,-0.5641363018840647,WomenCoin,0
MAY,SHA-256,PoW/PoS,92050800.0,100000000.0,-0.3168948408396013,0.8430256110259038,-0.36626822624574085,Theresa May Coin,0
NAMO,NIST5,PoW/PoS,560563220.0,1200000000.0,-0.35222391511500956,1.5413503358031286,-0.5906616863359898,NamoCoin,0
LUX,PHI1612,PoW/PoS,8305775.31777569,60000000.0,-0.4042015515403118,1.7587296781433728,-0.5272360190082062,LUXCoin,0
PIRL,Dagger,PoW,33986980.0,156306732.71,-0.14881907981752351,-2.210131527909832,0.3650433938152292,Pirl,3
XIOS,Scrypt,PoW/PoS,2149688.0,21000000.0,-0.32900803006553503,0.9812048440914101,-0.5545624771144824,Xios,0
BTDX,Quark,PoW/PoS,30711550.5294042,200000000.0,-0.3998746926361858,1.6888794149211483,-0.5539518796170283,Bitcloud 2.0,0
EBST,Scrypt,PoW,99990001.493466,100000000.0,-0.1584445141923452,-1.1653671330376985,0.01814326177039179,eBoost,3
KEK,POS 2.0,PoS,12330806.30517,21000000.0,-0.31387666644964163,1.403162596351993,-0.16297135747320532,KekCoin,0
BLHC,Scrypt,PoW/PoS,16362544.992,14788275.991,-0.3288785465566203,0.9812135015569738,-0.5545650948784364,BlackholeCoin,0
XIN,SHA-256,PoS,8999999990.0,9000000000.0,-0.09687009333182944,0.6276550182905708,-0.048233240051860325,Infinity Economics,0
PURA,X11,PoW,175215859.0,350000000.0,-0.23476319239217433,-0.8998128780596855,0.04469338665349709,Pura,3
INN,NeoScrypt,PoW,6375259.04,45000000.0,-0.18604815592830734,-1.6048626208812393,0.18210431496257673,Innova,3
ELLA,Ethash,PoW,12756367.0,280000000.0,-0.14861491624076748,-2.0536086765995947,0.3950823500626386,Ellaism,3
GBX,NeoScrypt,PoW,5832306.875,31800000.0,-0.1861482379820919,-1.6048571257679516,0.18210460384913135,GoByte,3
MAG,X11,PoW/PoS,38198594.8342105,144000000.0,-0.40670400299969994,1.2467977205424972,-0.5280031106264488,Magnet,0
TAU,DPoS,DPoS,288090567.493887,500000000.0,3.758817642152561,1.657103183853171,-0.005669119648150971,Lamden Tau,0
ECA,NIST5,PoW/PoS,28399150208.0,30000000000.0,0.19143801724108517,1.5405461470148074,-0.5963649343217151,Electra,0
BCD,X13,PoW/PoS,183534024.889807,210000000.0,-0.28114955460501956,1.822126074763164,-0.6336728342824558,Bitcoin Diamond,0
XSH,Multiple,PoW,481730566.566176,660000000.0,-0.12383280270626036,-1.8125004505703073,0.438465430609934,SHIELD,3
CNBC,Scrypt,PoW/PoS,110976977.29338,210000000.0,-0.32634172267376194,0.9811685703282875,-0.5545858465254381,Cash & Back Coin,0
XUN,CryptoNight,PoW,19281821413.4924,85000000000.0,1.1325959523560827,-2.299392958408037,0.4282643795542031,UltraNote,3
COAL,CryptoNight,PoW,4500000.0,12500000.0,0.295615348775593,-2.270635580941445,0.4331280046605149,BitCoal,3
DAXX,Ethash,PoW,520891780.0,10000000000.0,-0.07359606518172807,-2.057609620297831,0.3948490073790455,DaxxCoin,3
BWK,NIST5,PoS,13247178.8807286,27716121.0,-0.31890835626875996,1.3263788217480743,-0.2706855315004905,Bulwark,0
KLKS,Quark,PoS,16955764.902064,20000000.0,-0.3530219068519301,1.4737015935443805,-0.2340912235645956,Kalkulus,0
AC3,X11,PoW,80316207.0,550000000.0,-0.23450541211319434,-0.899939413539228,0.04470863721134119,AC3,3
LTHN,CryptoNight-V7,PoW,441250233.377,999481516.0,-0.14731078949374757,-2.1149620464229266,0.3825939291910538,Lethean,3
GER,Scrypt,PoW/PoS,4911500269.41,50000000000.0,0.08475822015887935,0.9615962470166771,-0.5561993955646268,GermanCoin,0
LTCU,Scrypt,PoW/PoS,8419402.321,150000000.0,-0.3280181952033702,0.9811515462120916,-0.5545654837206689,LiteCoin Ultra,0
POP,Scrypt,PoW,3964201248.87125,4999999999.0,-0.07659151627175237,-1.1658699757428734,0.01733892294058475,PopularCoin,3
PNX,X11,PoW/PoS,45174214.1078625,50000000.0,-0.4072843850315961,1.246841402219811,-0.5280031169400581,PhantomX,0
PHO,BLAKE256,PoW,30089671530.5228,90000000000.0,1.1017519165269296,-1.2658918627609046,0.11013523029393929,Photon,3
SUCR,X11,PoW,4229040.50393462,19800000.0,-0.2391878233000451,-0.8997414707846692,0.04473057146343285,Sucre,3
SPK,NeoScrypt,PoW,7847417.33355824,21000000.0,-0.18620010797759565,-1.6048515977196727,0.18210437213303354,SparksPay,3
WAGE,Quark,PoS,27299680.0,120000000.0,-0.3521876669646415,1.4736625785431636,-0.23409459795389617,Digiwage,0
GUN,NeoScrypt,PoW,299797953.0,500000000.0,-0.17924566396784894,-1.604936756778286,0.18204207311034737,GunCoin,3
IRL,Scrypt,PoW,45483049.3398182,64000000.0,-0.15936462871962864,-1.1653743984273195,0.018154141917595148,IrishCoin,3
TROLL,Scrypt,PoW/PoS,591022748.0,900000000.0,-0.3155977781225742,0.9810708634790429,-0.5546869109804384,Trollcoin,0
LCP,Scrypt,PoW/PoS,2504486.227718,4000000.0,-0.32912405929773814,0.9812123634579631,-0.5545623056779552,Litecoin Plus,0
MONK,X11,PoS,4407252.0,21000000.0,-0.35969218526301683,1.0315867786054649,-0.20813944251287264,Monkey Project,0
PCOIN,X11,PoW,8478104.33969947,23000000.0,-0.23911330926893984,-0.8997410750788858,0.044729717773434145,Pioneer Coin,3
UBTC,SHA-256,PoW,20166000.0,20166000.0,-0.14952729198951287,-1.303548726381728,0.20647204847241338,UnitedBitcoin,3
ITZ,C11,PoW,11916588.09471,23000000.0,-0.21887376756232105,-1.1438096133380955,0.07643150540332715,Interzone,3
TPAY,POS 3.0,PoS,20445861.5344251,25000000.0,-0.333874578132221,1.467810020873069,-0.11114842562184488,TokenPay,0
MCT,Ethash,PoS,1618033.0,1618033.0,-0.2712368226930274,-0.12216396125223487,0.142218419923204,1717 Masonic Commemorative Token,3
MBC,Scrypt,PoW and PoS,9399342.52839847,30000000.0,-0.2816140171188815,0.21980311465242788,-0.30590385925890584,My Big Coin,0
TRTL,CryptoNight,PoW,53139835213.77,1000000000000.0,8.023987550084412,-2.6818898175078623,0.40895842589873815,TurtleCoin,3
MUN,SkunkHash,PoW,4818338.98949984,16600000.0,-0.13830764356429345,-2.196636422748521,0.3571980332292871,MUNcoin,3
USX,Scrypt,PoW/PoS,234846265.782157,232000000.0,-0.32467418777952306,0.981211012941787,-0.5546097313548077,Unified Society USDEX,0
NBR,CryptoNight,PoW,133932467.774108,336000000.0,0.2994853895059624,-2.270721521373183,0.43309882291582186,Niobio Cash,3
SSS,Scrypt,PoW,10000000000.0,10000000000.0,0.0324728445955762,-1.1655048827196284,0.016119868251392663,ShareChain,3
TRF,Dagger,PoW,107325266.027783,100000000.0,-0.14832266474230196,-2.210076339804102,0.36503022709850713,Travelflex,3
KREDS,Lyra2REv2,PoW,643795911.540095,1100000000.0,-0.1824185766048555,-1.185192102531538,0.189937508724206,KREDS,3
TOKC,X13,PoS,230298925.0,800000000.0,-0.2281065647777221,1.6066398111722224,-0.31383452056907574,Tokyo Coin,0
BBP,Proof-of-BibleHash,POBh,1772091549.88818,5200000000.0,-0.17630391692454056,2.85756171669248,13.04805157750527,BiblePay,1
LCC,SHA-256 + Hive,PoW + Hive,638382332.208514,840000000.0,-0.3684179168010532,3.9671414782777092,15.608789124173992,LitecoinCash,1
FLIP,Scrypt,PoW,12446100.00278,40000000.0,-0.15993775077628394,-1.1653778567710025,0.018160767078415147,BitFlip,3
LOT,Scrypt,PoW,14491014421.0,18406979840.0,0.14680502166567844,-1.1672651693721108,0.015146935724863014,LottoCoin,3
CIF,X11,PoW,211297638.500483,500000000.0,-0.2332608338036452,-0.8998627702227829,0.04468441083683192,Crypto Improvement Fund,3
SPD,C11,PoW/PoS,11251342.1879021,19340594.0,-0.3877178914114147,1.0027704781456945,-0.4962937874918435,Stipend,0
POA,Proof-of-Authority,PoA,204479039.0,252460800.0,-0.4349820874328372,3.939219505977163,14.123920332384248,Poa Network,1
PUSHI,X11,PoW/PoS,2167827.1,25000000.0,-0.4079862600962243,1.2468341938289829,-0.5279945802764676,Pushi,0
ELP,XEVAN,PoW/PoS,419275.38,60000000.0,-0.2956666699285346,1.6430782318933488,-0.44028090674028264,Ellerium,0
VLX,Scrypt,PoS,25570013.1348022,124000000.0,-0.2796978944737074,0.765919926628874,-0.23471287470026794,Velox,0
ONT,VBFT,PoS,650848625.0,1000000000.0,-0.31991887387226897,1.4860984149410592,-0.19538042857632773,Ontology,0
CLO,Ethash,PoW,247612453.0,6500000000.0,-0.1017112086020627,-2.056206848707648,0.39495021808070746,Callisto Network,3
TUBE,CryptoNight,PoW,80049082.9057215,1000000000.0,0.30352886083858927,-2.2710320153562007,0.4330997446894343,BitTube,3
PSD,Scrypt,PoW,4070212.1493016,21000000.0,-0.1601744945082932,-1.1653731340606426,0.018162628307424118,Poseidon,3
ADK,IMesh,PoW,25000000.0,25000000.0,-0.14572029878429965,-2.1850763202133985,0.2892131540808818,Aidos Kuneen,3
BSX,NIST5,PoW/PoS,13787854.6277781,50000000.0,-0.3670390518507893,1.5416194765079843,-0.5905414554013855,Bitspace,0
BRIA,Scrypt,PoW/PoS,845637.81347436,3000000.0,-0.3291513848513735,0.981212100891375,-0.5545619758987905,Briacoin,0
IC,Scrypt,PoW/PoS,1182153.5,5000000.0,-0.3291331178806318,0.9812113749927708,-0.554562068059979,Ignition,0
BTL,Equihash,PoW,71355477.0,70000000.0,-0.14390248073463957,-1.9823305944916176,0.308587526055078,Bitrolium,3
MEDIC,Scrypt,PoS,267297676.3125,500000000.0,-0.2740856371455733,0.765858348318979,-0.2347641671496074,MedicCoin,0
ALPS,Lyra2Z,PoW,27340501.6514783,300000000.0,-0.14144442125153442,-2.181732669720347,0.3320072865118458,Alpenschillling,3
BITG,Green Protocol,PoS,9803691.3618195,21000000.0,-0.3479259550572012,1.4640989792633807,0.1041215479648703,Bitcoin Green,0
DEV,PoS,PoS,21876586.8530324,88000000.0,-0.348756119875502,1.5857236926287226,-0.09838940743355092,Deviant Coin,0
ABJ,Scrypt,PoW/PoS,9880502.37178894,30000000.0,-0.3288499588497302,0.981204186255755,-0.5545640750020165,Abjcoin,0
SEM,Semux BFT consensus,DPoS,1231147.0,100000000.0,3.936786786990229,1.5667934384726232,0.09499242692601034,Semux,0
FTO,X11,PoW,31801461.1867843,100000000.0,-0.23828349962351167,-0.8997646715251806,0.04472419635933996,FuturoCoin,3
CARE,Quark,PoW/PoS,139739596.506702,200000000.0,-0.39854404846482566,1.688925167776802,-0.5539726305203253,Carebit,0
NZL,PoS,PoS,11075254.0929996,80000000.0,-0.34894458558863223,1.5857226283853205,-0.0983872392023531,Zealium,0
XMC,CryptoNight,PoW,16016864.0,18400000.0,0.2957976793380506,-2.2706333059595645,0.4331257297639885,Monero Classic,3
PROTON,X16R,PoS,4403800.0,45000000.0,-0.306054400602556,0.6566057266514971,-0.03599584144217457,Proton,0
DEAL,Scrypt,PoW/PoS,1404157529.46026,5121951220.0,-0.27578252310277485,0.9795816310624471,-0.5549010186210266,iDealCash,0
JUMP,NIST5,PoW,21069346.2522598,21000000.0,-0.1983454067898966,-0.6049436787833377,-0.017816962668122424,Jumpcoin,3
INFX,Lyra2RE,PoW,5097689.71077377,26280000.0,-0.1525560586804398,-2.1795525626926957,0.3792726238774885,Infinex,3
XBI,XEVAN,PoS/PoW,10904963.0923455,21000000.0,-0.2589240572711857,1.4616742554559385,-0.06348381372973753,Bitcoin Incognito,0
KEC,Tribus,PoW,795447.0,18000000.0,-0.17074514117759718,-2.1485704834993267,0.502977578149251,KEYCO,3
HWC,Scrypt,PoS,38706809.466535,26000000.0,-0.2802314016366916,0.765967928031085,-0.234713997421024,HollyWoodCoin,0
GIN,Lyra2Z,PoW,6986399.70430446,10500000.0,-0.14374248486824537,-2.181615696272507,0.33201522984813764,GINcoin,3
PLTC,CryptoNight,PoW,84300.0,600000518.0,0.29972093998182825,-2.2708921492308245,0.43312058676380705,PlatinCoin,3
LOKI,CryptoNight Heavy,PoW,19153632.0,150000000.0,0.5945910576730892,-2.281969051560932,0.3983180215856916,Loki,3
NCP,CryptoNight,PoW,41294520017.0,184000000000.0,2.1021687613874636,-2.3330776788504832,0.4226831707049005,Newton Coin,3
SIC,Scrypt,PoW/PoS,10200000000.0,10200000000.0,-0.13248033785021146,0.9810711184603081,-0.5566464792950498,Swisscoin,0
XT3,Scrypt,PoS,7630000.0154,44000000.0,-0.28048324243336825,0.7659470828302305,-0.23470833570789335,Xt3ch,0
MGD,Jump Consistent Hash,PoW,135862416.039898,168000000.0,-0.15331714497346385,-2.2802740483707913,0.359746837364704,MassGrid,3
VIG,SHA-256D,PoW/PoS,33238183.7225834,100000000.0,-0.341728449047274,1.9980111702618877,-0.8393059568166722,TheVig,0
PLURA,CryptoNight,PoW,560085952.404637,1000000000.0,0.3093875209357323,-2.270830571247009,0.4330083810538784,PluraCoin,3
EMAR,Scrypt,PoW/PoS,21599339.6728,84000000.0,-0.3283246169687391,0.9811856918772588,-0.5545670644668023,EmaratCoin,0
DKD,X15,PoS,30284196.369129,90000000.0,-0.1984345706729082,1.673016271916605,-0.3775212562943803,Dekado,0
LYNX,Scrypt,HPoW,77872059787.8998,92000000000.0,2.2637984985354067,0.12978757725585685,-0.1984653277468233,Lynx,0
POSQ,Quark,PoS,2716264.95302831,650000000.0,-0.34873531639480393,1.4734224767958537,-0.23409736913653467,Poseidon Quark,0
BWS,SHA-256,PoS,57811001.000889,100262205.0,-0.26901580424144417,0.627761039640587,-0.04640620543941711,BitcoinWSpectrum,0
MUSE,DPoS,PoS,18194936.0,18081806.0,1.039030678645833,1.5637558987422215,-0.06957060572003917,Muse,0
XMN,X16R,PoW,8125865.02097646,22075700.0,-0.18565624459023436,-1.2747114672811333,0.21687373558101894,Motion,3
PLUS1,HMQ1725,PoW,8645406.16776286,21000000.0,-0.16262673780235437,-2.0565996292936797,0.3665307917063782,PlusOneCoin,3
AXE,X11,PoW,4993030.69736615,21000000.0,-0.239170003144012,-0.8997416704505695,0.044730409187971304,Axe,3
TRVC,X16R,PoW/PoS,36923120.6205934,82546564.0,-0.35368675019925105,0.871853183773722,-0.35585806626288424,Trivechain,0
DTEM,Quark,PoS,7082392.24744494,21000000.0,-0.3531353274944737,1.4736970166951906,-0.23408935845893,Dystem,0
GIC,Quark,PoW/PoS,5919489.76813523,5151000.0,-0.4015567940217655,1.6889534893571576,-0.5539444221015368,Giant,0
PNY,Scrypt,PoS,1042012.45227735,16880000000.0,-0.16136535624831494,0.7586449436995203,-0.23494374049825342,Peony Coin,0
ABS,Lyra2REv2,PoW/PoS,13332617.9413708,52500000.0,-0.36633949131093607,0.961576263560567,-0.3826532440886782,Absolute Coin,0
VITAE,Quark,PoS,66053877.6256106,100000000.0,-0.35185628661225854,1.4736875126212319,-0.23410169276241416,Vitae,0
HEX,Scrypt,PoW,1416663.06600024,22105263.0,-0.16019905480184715,-1.1653747267990182,0.018163117811217416,HexCoin,3
TPC,Scrypt,PoW/PoS,5403802.49590733,1000000000.0,-0.3220370291953297,0.9807817568386346,-0.5545768579705941,TPCash,0
WEBC,CryptoNight-V7,PoW,15580199.3087496,1750000000.0,-0.14719227930700945,-2.115466068808557,0.3826643955729349,Webchain,3
RYO,Cryptonight-GPU,PoW,4890897.0,88188888.0,-0.1416134224038428,-2.2077875705732612,0.2928599643170428,Ryo,3
URALS,XEVAN,PoW,14746153.0962884,210000000.0,-0.12561972499065274,-0.5035595736484267,0.1324397289208978,Urals Coin,3
QWC,CryptoNight Heavy,PoW,99553110528.8022,184470000000.0,3.11434276785804,-2.320113647287797,0.3767831614615621,Qwertycoin,3
ARE,X11,PoS,19269509.94,55000000.0,-0.3592700784756973,1.0315782744919608,-0.2081427491191741,ARENON,0
EUNO,X11,PoW/PoS,30771125.9760867,50000000.0,-0.4074601690246076,1.2468353580647837,-0.528000375653756,EUNO,0
MMO,Scrypt,PoS,107763867.917675,260000000.0,-0.2777318757569312,0.7658954548804928,-0.23473043006321442,MMOCoin,0
KETAN,PoS,PoS,9327131.59708692,210000000.0,-0.3480455252881324,1.5856655323194266,-0.09838873386012223,Ketan,0
PPAI,SHA-256,PoW,2100000000.0,2100000000.0,-0.10941858893903661,-1.303577666300773,0.20604696577763432,Project Pai,3
XDNA,Keccak,PoW/PoS,4672513.84432375,366000000.0,-0.34728048873022593,0.9632409286671154,-0.47916697930015556,XDNA,0
PAXEX,X11,PoS,4504639.0,100000000.0,-0.3591316794618332,1.031552568428588,-0.20814057152774362,PAXEX,0
AZART,X11,PoW,5015881.37315389,25000000.0,-0.23914140440073697,-0.899743395091552,0.044730348612073555,Azart,3
TSC,Scrypt,PoW/PoS,1059954080.43439,18000000000.0,-0.1888072559970891,0.9738538135123452,-0.5550165305676101,ThunderStake,0
KCASH,SHA-512,Zero-Knowledge Proof,1000000000.0,1000000000.0,-0.3369499365128634,1.5276108381800275,-0.2857488686437958,Kcash,0
XCG,X16R,PoW,9753753.61515394,100000000.0,-0.18508467554083732,-1.274744568815906,0.21687233039225667,Xchange,3
AAC,ECC 256K1,DPOS,1000000000.0,1000000000.0,-0.3419244753348365,1.7973021028887408,15.149280260171812,Acute Angle Cloud,1
CRYP,Equihash,PoW,4235111504.0,7600000000.0,-0.03977334943764415,-1.9838479916255682,0.3076892068494037,CrypticCoin,3
BTXC,XEVAN,PoS,6787405.18013774,50000000.0,-0.24736468567499703,1.427835150597081,-0.12042647043754609,Bettex coin,0
ACM,Lyra2Z,PoW,13634850.0,84000000.0,-0.14314096573828353,-2.1816447727751678,0.33201293130557463,Actinium,3
BSV,SHA-256,PoW,17992514.6469233,21000000.0,-0.14954791382767854,-1.303550000056607,0.20647245042052245,Bitcoin SV,3
BITM,XEVAN,Pos,208515864.367343,70000000000.0,0.5985970960762187,1.6300778272973535,-0.05271775033822812,BitMoney,0
JMC,X11,PoS,17209923728.3266,0.0,-0.14985434216719665,1.0388160577625667,-0.2114138094090631,Junson Ming Chan Coin,0
FRED,CryptoNight,PoW,1867054873.28397,8080000000.0,0.3754647114735615,-2.2733516981884185,0.43266010905070673,FREDEnergy,3
HERB,Quark,PoW/PoS,35312185.7437239,54000000.0,-0.4008522185866324,1.6889446449444545,-0.5539507029601629,HerbCoin,0
UMO,Blake,PoW,1578281.31341127,105120001.44,-0.14683594504625994,-2.237424461542658,0.3827644504369995,Universal Molecule,3
LIT,Blake,PoW,15846721.2482747,25228800.0,-0.14722743128756272,-2.237383836460062,0.38276285778470776,Lithium,3
PIRATE,Equihash,PoS,13475920.0,105000000.0,-0.2648761119799107,-0.05104136288170506,0.05572808688177654,PirateCash,0
EXO,Exosis,PoW,406091.925,21000000.0,-0.1472783653672725,-2.2333908057419545,0.5459497165052034,Exosis,3
BLTG,Scrypt,PoW,35284717.173946,120000000.0,-0.15909261729198268,-1.1654029573074873,0.01815529575291427,Block-Logic,3
OWC,Scrypt,PoW/PoS,14777549.3940764,21000000.0,-0.3288539120126052,0.9812101432849745,-0.554564880528469,Oduwa,0
BEAM,Equihash,PoW,35687520.0,262800000.0,-0.142972776796988,-1.9824291521911301,0.3085916044725345,Beam,3
GALI,Quark,PoW/PoS,18265011.2486006,19035999.0,-0.4013078165094842,1.6889526501229242,-0.5539469669561271,Galilel,0
BTH,Equihash,PoW,25150787.5,30886000.0,-0.14474331644134783,-1.9823330257967413,0.3085968698360211,Bithereum,3
CSPN,Quark,PoS,1934701.67524713,13370000.0,-0.35325217315416096,1.4736981645468392,-0.23408827146544425,Crypto Sports,0
CREDIT,Scrypt,PoW/PoS,30825710000.0296,74800000000.0,0.576614029525863,0.9617187369030935,-0.5614801571565242,Credit,0
SLC,QuBit,PoW,12925790.4226959,100000000.0,-0.1875936157353791,-1.4871051447852202,0.2169117069008357,SLICE,3
DASHP,X11,PoS,715659.44237941,19700000.0,-0.35974644364428665,1.031585793079296,-0.20813872163204947,Dash Platinum,0
NSD,Scrypt,PoW/PoS,20546528.2059957,84000000.0,-0.32833746611621567,0.9811852500723021,-0.554566864089104,Nasdacoin,0
BEET,XEVAN,PoW/PoS,198938144.363399,500000000.0,-0.29012864108375547,1.6429707736339463,-0.44032487504922074,Beetle Coin,0
TTN,SHA-256D,PoW/PoS,896361168.0,5000000000.0,-0.2965025461870766,1.9962489418920157,-0.8395391096569115,Titan Coin,0
AWR,X11,PoW/PoS,15420234.5389336,420000000.0,-0.4050279335490096,1.2466684998856763,-0.5280026549558072,Award,0
BLAST,SHA-256,PoW,52293836.6277958,64000000.0,-0.14882484126894338,-1.3035542487208194,0.20646531753898648,BLAST,3
XRC,X13,PoW,1170292.5,2100000.0,-0.11603706021281904,-0.3244391003761629,-0.06090973233340812,Bitcoin Rhodium,3
GLT,SHA-256,PoW,84613099.9999955,168000000.0,-0.14769408108925577,-1.3035857761511995,0.20645770443640446,GlobalToken,3
INSN,X11,PoW/PoS,23775960.3207514,30000000.0,-0.4076871415533346,1.2468410937430676,-0.5279987631557748,Insane Coin,0
ALX,DPoS,DPoS,1000000000.0,1000000000.0,3.77104619763309,1.6571851528953518,-0.005811643079625285,ALAX,0
LDOGE,Scrypt,PoW/PoS,15318887081.0146,35000000000.0,0.10557678488333208,0.9724669968869272,-0.557969344315782,LiteDoge,0
SLR,Scrypt,PoW,55565076.3863525,98100000000.0,0.5348498626719139,-1.2078744133115609,0.016774160073312554,SolarCoin,3
TRK,X11,PoW/PoS,242574105.22384,0.0,-0.4052291956965457,1.246945917577513,-0.5280399844934518,TruckCoin,0
UFO,NeoScrypt,PoW,3824685012.0,4000000000.0,-0.11144593446370968,-1.6049750139641985,0.18132199597847418,UFO Coin,3
OC,Scrypt,PoW/PoS,3537150.0,200000000.0,-0.3277237829139002,0.98112781953275,-0.5545652573348744,OrangeCoin,0
BLC,Blake,PoW,23356790.1494191,7000000000.0,-0.0977546382086536,-2.2404046494664973,0.3826633861314861,BlakeCoin,3
BITS,Scrypt,PoW/PoS,20576532.0,54256119.0,-0.3285476855668577,0.9811981583466799,-0.5545664516987031,BitstarCoin,0
NEOS,SHA-256,PoS,4392258.24647793,21000000.0,-0.2702289324987254,0.6277729875650369,-0.04639492428308743,NeosCoin,0
HYPER,Scrypt,PoW/PoS,9631199.99309942,0.0,-0.32906540043526455,0.9812170883635741,-0.5545636058521196,HyperCoin,0
PINK,X11,PoW/PoS,436353624.490312,500000000.0,-0.399324210843003,1.2468104570315734,-0.5280838941817511,PinkCoin,0
CESC,Scrypt,PoW,780210700.0,1000000000.0,-0.14377072119307566,-1.1654718849616108,0.01800114685669574,Crypto Escudo,3
ADC,Scrypt,PoW/PoS,980732528.97974,10500000000.0,-0.24287386084950238,0.977072250197272,-0.5548960273486628,AudioCoin,0
NKA,SHA-256,PoW/PoS,17939725045.334,190000000.0,-0.0984338400907293,0.8504762423063534,-0.3696663729405966,IncaKoin,0
PIGGY,X11,PoW/PoS,494240666.028571,1000000000.0,-0.39507773992319073,1.2466179701594053,-0.5281019399591743,Piggy Coin,0
CRW,SHA-256,PoW,22986929.0854247,42000000.0,-0.149338279711133,-1.3035570088936492,0.20647120466139066,Crown Coin,3
GEN,Scrypt,PoW/PoS,60000000.0,15000000.0,-0.32834446968198,0.9812317219147104,-0.5545734032094147,Genstake,0
SMLY,Scrypt,PoW,29583989322.9213,50000000000.0,0.5546862853252255,-1.1746288998917533,0.011830252122080493,SmileyCoin,3
MI,Scrypt,PoW/PoS,404316475.545465,400000000.0,-0.3214164367968431,0.9812092922634527,-0.5546443475169498,XiaoMiCoin,0
GRS,Groestl,PoW,73298203.8873662,105000000.0,-0.21508611763917715,-1.2079722012228664,0.23076045767740644,Groestlcoin,3
CPC,X11,PoW/PoS,201364327.427503,208000000.0,-0.4042595120221533,1.2468384442173153,-0.528035064983704,CapriCoin,0
CLUB,Scrypt,PoW/PoS,103621876.167052,160000000.0,-0.32678548702115034,0.9811871616879891,-0.5545837438211738, ClubCoin,0
RADS,PoS,PoS,3821245.74150193,9000000.0,-0.3495357954027306,1.5857503668759676,-0.09838486054793133,Radium,0
BTA,Scrypt,PoW,5052555.91981545,5000000.0,-0.1602757848304394,-1.1653657849065264,0.018162666248834086,Bata,3
PAK,Scrypt,PoW,69684455.4387001,182000000.0,-0.15823382426730692,-1.1654154022650125,0.018147877062808626,Pakcoin,3
CRB,X11,Proof of Trust,16901016.6609755,16504333.0,-0.4176475085516537,0.7720056301963372,-0.3134580001640171,Creditbit ,0
OK,SHA-256,PoW/PoS,74676064.9488608,105000000.0,-0.3170714927829561,0.8430161520524296,-0.3662649896604273,OKCash,0
LSK,DPoS,DPoS,120012140.0,159918400.0,3.7543585456246684,1.6571800958561564,-0.0056323494787583785,Lisk,0
XHI,Scrypt,PoS,10000244677.7002,10008835635.0,-0.08797664614546503,0.765820084075553,-0.23675026570703508,HiCoin,0
XWC,Scrypt,PoW/PoS,252005564.19257,300000000.0,-0.32398332771349597,0.981188731809299,-0.5546139530762098,WhiteCoin,0
FSC,NeoScrypt,PoW/PoS,1120385.00502,60168145.0,-0.35481499597186855,0.5417073817708054,-0.39062036905900754,FriendshipCoin,0
J,Multiple,PoW,3332922.5,2800000.0,-0.13432440967328052,-1.8124162727831563,0.4385657203232383,JoinCoin,3
TRI,X13,PoW/PoS,140777.753365,120000.0,-0.28487373968338003,1.8221401101256476,-0.6336349795055546,Triangles Coin,0
VOLLAR,Equihash+Scrypt,PoW,100000000.0,2100000000.0,-0.10990808849627635,-2.242041960043996,0.2304266935450896,Vollar,3
EOS,DPoS,DPoS,1020544523.0722,0.0,3.764216970455997,1.6576273317877228,-0.005801496539095724,EOS,0
RCC,Ethash,PoW,24487944.0958204,24487944.0,-0.15028075338497054,-2.0534929743502874,0.395083708892289,Reality Clash,3
OXY,DPoS,DPoS,1122382283.37,0.0,3.7654598600350035,1.6576700672903668,-0.005820878942008988,Oxycoin,0
TCH,SHA-256,PoS,1000000000.0,1000000000.0,-0.2511466481674434,0.6277663345596024,-0.04659817612162566,TigerCash,0
WAVES,Leased POS,LPoS,100000000.0,100000000.0,-0.40746124643774684,3.3946064560218545,12.319029076267698,Waves,1
PART,PoS,PoS,9283137.5558676,8634140.0,-0.3494717254497536,1.585752817541959,-0.09838589494674142,Particl,0
BTT,TRC10,DPoS,989988713439.649,990000000000.0,34.03761004399686,1.6874017971140167,-0.3800302900079563,BitTorrent,2
NXT,PoS,PoS/LPoS,1000000000.0,1000000000.0,-0.36058508174197934,1.90863762920799,-0.05320368455479024,Nxt,0
ZEPH,SHA-256,DPoS,1999999995.3056,2000000000.0,2.4812189513115546,0.7211953845850864,0.01715706937446521,ZEPHYR,0
GAP,Scrypt,PoW/PoS,14931046.1546605,250000000.0,-0.3272307266708754,0.9811109230250861,-0.554568128728005,Gapcoin,0
BDX,CryptoNight,PoW,980222595.0,1400222610.0,0.3173486845117485,-2.270827783373502,0.4329227921956673,Beldex,3
ZEN,Equihash,PoW,7296537.5,21000000.0,-0.1450312130332714,-1.9823362320579552,0.3086004069337212,Horizen,3
XBC,Scrypt,PoS,128326.99633965,1000000.0,-0.2808792358780472,0.7659625777793733,-0.23470630350406854,BitcoinPlus,0
